{
	"credit": "Made with Blockbench",
	"parent": "item/handheld",
	"textures": {
		"layer0": "extended_equipment/diamond_dragonslayer"
	},
	"display": {
		"thirdperson_righthand": {
			"rotation": [-60, -90, 0],
			"translation": [0, 18, -3.5],
			"scale": [2.5, 2.5, 0.85]
		},
		"thirdperson_lefthand": {
			"rotation": [-60, 90, 0],
			"translation": [0, 18, -3.5],
			"scale": [2.5, 2.5, 0.85]
		},
		"firstperson_righthand": {
			"rotation": [-35, -90, 0],
			"translation": [2.26, 12.65, 1.26],
			"scale": [2, 2, 0.68]
		},
		"firstperson_lefthand": {
			"rotation": [-35, 90, 0],
			"translation": [2.26, 12.65, 1.26],
			"scale": [2, 2, 0.68]
		},
		"ground": {
			"translation": [2.5, 10, 0],
			"scale": [1.5, 1.5, 0.5]
		},
		"gui": {
			"translation": [8, 8, 0],
			"scale": [2, 2, 1]
		},
		"head": {
			"rotation": [0, 180, 0],
			"translation": [0, 13, 7],
			"scale": [2, 2, 1]
		},
		"fixed": {
			"rotation": [0, 180, 0],
			"translation": [-3.25, 3.25, 0],
			"scale": [1.5, 1.5, 1]
		}
	}
}