{
  "parent": "minecraft:item/handheld",
  "textures": {
    "layer0": "minecraft:item/diamond_shovel"
  },
  "overrides": [
	{
	  "predicate": {
		"custom_model_data": 455041
      },
	  "model": "item/diamond_paxel"
	},
	{
	  "predicate": {
		"custom_model_data": 455047
      },
	  "model": "item/diamond_trowel"
	},
	{
	  "predicate": {
		"custom_model_data": 455048
      },
	  "model": "item/diamond_spade"
	},
	{
	  "predicate": {
		"custom_model_data": 455050
      },
	  "model": "item/diamond_pitchfork"
	},
	{
	  "predicate": {
		"custom_model_data": 455055
      },
	  "model": "item/diamond_spoon"
	},
	{
	  "predicate": {
		"custom_model_data": 455056
      },
	  "model": "item/diamond_ladle"
	}
  ]
}