{
	"credit": "Made with Blockbench",
	"parent": "item/handheld",
	"textures": {
		"layer0": "extended_equipment/diamond_cutlass"
	},
	"display": {
		"thirdperson_righthand": {
			"rotation": [0, 90, 40],
			"translation": [0, 12, 0],
			"scale": [1.7, 1.7, 0.85]
		},
		"thirdperson_lefthand": {
			"rotation": [0, -90, -40],
			"translation": [0, 12, 0],
			"scale": [1.7, 1.7, 0.85]
		},
		"firstperson_righthand": {
			"rotation": [0, 90, 20],
			"translation": [2.15, 10.65, -2.15],
			"scale": [1.36, 1.36, 0.68]
		},
		"firstperson_lefthand": {
			"rotation": [0, -90, -20],
			"translation": [2.15, 10.65, -2.15],
			"scale": [1.36, 1.36, 0.68]
		},
		"ground": {
			"translation": [4, 4, 0],
			"scale": [1, 1, 0.5]
		},
		"gui": {
			"translation": [8, 8, 0],
			"scale": [2, 2, 1]
		},
		"head": {
			"rotation": [0, 180, 0],
			"translation": [0, 13, 7],
			"scale": [2, 2, 1]
		},
		"fixed": {
			"rotation": [0, 180, 0],
			"translation": [-7.25, 5, 0],
			"scale": [1.7, 1.7, 1]
		}
	}
}