{
  "parent": "minecraft:item/handheld",
  "textures": {
    "layer0": "minecraft:item/iron_pickaxe"
  },
  "overrides": [
	{
	  "predicate": {
		"custom_model_data": 455039
      },
	  "model": "item/iron_minipick"
	},
	{
	  "predicate": {
		"custom_model_data": 455040
      },
	  "model": "item/iron_warpick"
	},
	{
	  "predicate": {
		"custom_model_data": 455041
      },
	  "model": "item/iron_paxel"
	},
	{
	  "predicate": {
		"custom_model_data": 455042
      },
	  "model": "item/iron_greatpick"
	},
	{
	  "predicate": {
		"custom_model_data": 455043
      },
	  "model": "item/iron_mallet"
	},
	{
	  "predicate": {
		"custom_model_data": 455044
      },
	  "model": "item/iron_hammer"
	},
	{
	  "predicate": {
		"custom_model_data": 455045
      },
	  "model": "item/iron_maul"
	},
	{
	  "predicate": {
		"custom_model_data": 455046
      },
	  "model": "item/iron_greathammer"
	},
	{
	  "predicate": {
		"custom_model_data": 455048
      },
	  "model": "item/iron_mattock"
	}
  ]
}