{
	"credit": "Made with Blockbench",
	"parent": "item/handheld",
	"textures": {
		"layer0": "extended_equipment/iron_waraxe"
	},
	"display": {
		"thirdperson_righthand": {
			"rotation": [-60, -90, 0],
			"translation": [0, 13.25, -2.75],
			"scale": [1.7, 1.7, 0.85]
		},
		"thirdperson_lefthand": {
			"rotation": [-60, 90, 0],
			"translation": [0, 13.25, -2.75],
			"scale": [1.7, 1.7, 0.85]
		},
		"firstperson_righthand": {
			"rotation": [-35, -90, 0],
			"translation": [2.26, 9.65, 2.26],
			"scale": [1.36, 1.36, 0.68]
		},
		"firstperson_lefthand": {
			"rotation": [-35, 90, 0],
			"translation": [2.26, 9.65, 2.26],
			"scale": [1.36, 1.36, 0.68]
		},
		"ground": {
			"translation": [2.25, 5, 0],
			"scale": [1, 1, 0.5]
		},
		"gui": {
			"translation": [8, 8, 0],
			"scale": [2, 2, 1]
		},
		"head": {
			"rotation": [0, 180, 0],
			"translation": [0, 13, 7],
			"scale": [2, 2, 1]
		},
		"fixed": {
			"rotation": [0, 180, 0],
			"translation": [-4.5, 3.75, 0],
			"scale": [1.6, 1.6, 1]
		}
	}
}