{
  "parent": "minecraft:item/handheld",
  "textures": {
    "layer0": "minecraft:item/netherite_axe"
  },
  "overrides": [
	{
	  "predicate": {
		"custom_model_data": 455008
      },
	  "model": "item/netherite_star"
	},
	{
	  "predicate": {
		"custom_model_data": 455014
      },
	  "model": "item/netherite_greatsword"
	},
	{
	  "predicate": {
		"custom_model_data": 455016
      },
	  "model": "item/netherite_claymore"
	},
	{
	  "predicate": {
		"custom_model_data": 455017
      },
	  "model": "item/netherite_konda"
	},
	{
	  "predicate": {
		"custom_model_data": 455018
      },
	  "model": "item/netherite_executioner"
	},
	{
	  "predicate": {
		"custom_model_data": 455019
      },
	  "model": "item/netherite_fist"
	},
	{
	  "predicate": {
		"custom_model_data": 455020
      },
	  "model": "item/netherite_gauntlet"
	},
	{
	  "predicate": {
		"custom_model_data": 455021
      },
	  "model": "item/netherite_claws"
	},
	{
	  "predicate": {
		"custom_model_data": 455022
      },
	  "model": "item/netherite_talons"
	},
	{
	  "predicate": {
		"custom_model_data": 455023
      },
	  "model": "item/netherite_knuckles"
	},
	{
	  "predicate": {
		"custom_model_data": 455032
      },
	  "model": "item/netherite_hatchet"
	},
	{
	  "predicate": {
		"custom_model_data": 455033
      },
	  "model": "item/netherite_battleaxe"
	},
	{
	  "predicate": {
		"custom_model_data": 455034
      },
	  "model": "item/netherite_labrys"
	},
	{
	  "predicate": {
		"custom_model_data": 455035
      },
	  "model": "item/netherite_waraxe"
	},
	{
	  "predicate": {
		"custom_model_data": 455036
      },
	  "model": "item/netherite_greataxe"
	},
	{
	  "predicate": {
		"custom_model_data": 455037
      },
	  "model": "item/netherite_mace"
	},
	{
	  "predicate": {
		"custom_model_data": 455038
      },
	  "model": "item/netherite_morningstar"
	},
	{
	  "predicate": {
		"custom_model_data": 455041
      },
	  "model": "item/netherite_paxel"
	},
	{
	  "predicate": {
		"custom_model_data": 455042
      },
	  "model": "item/netherite_greatpick"
	},
	{
	  "predicate": {
		"custom_model_data": 455044
      },
	  "model": "item/netherite_hammer"
	},
	{
	  "predicate": {
		"custom_model_data": 455045
      },
	  "model": "item/netherite_maul"
	},
	{
	  "predicate": {
		"custom_model_data": 455046
      },
	  "model": "item/netherite_greathammer"
	},
	{
	  "predicate": {
		"custom_model_data": 455076
      },
	  "model": "item/netherite_crowbar"
	},
	{
	  "predicate": {
		"custom_model_data": 455077
      },
	  "model": "item/netherite_dragonslayer"
	},
	{
	  "predicate": {
		"custom_model_data": 455078
      },
	  "model": "item/netherite_caneaxe"
	}
  ]
}